Name,Role,Skills,Years of Experience,Location,Detailed Description
Sophia Miller,System Admin,"Python, Django, Flask",18,London,Skilled in modern CI/CD pipelines and cloud-native development.
Noah Martinez,Frontend Developer,"Linux, Networking, Docker",14,Paris,Highly skilled in designing and implementing scalable software solutions.
Sophia Miller,Software Developer,"AWS, Kubernetes, Terraform",10,San Francisco,Focused on crafting high-performance mobile applications.
Sophia Miller,DevOps Engineer,"AWS, Kubernetes, Terraform",18,Paris,Skilled in modern CI/CD pipelines and cloud-native development.
Ava Hernandez,Frontend Developer,"AWS, Kubernetes, Terraform",9,Toronto,Focused on crafting high-performance mobile applications.
Anna Johnson,Frontend Developer,"AWS, Kubernetes, Terraform",1,Sydney,Experienced in predictive analytics and data-driven decision-making.
Emily Davis,DevOps Engineer,"Python, Django, Flask",13,Stockholm,Highly skilled in designing and implementing scalable software solutions.
Olivia Garcia,DevOps Engineer,"AWS, Kubernetes, Terraform",6,Paris,Well-versed in conducting user research to improve product usability.
Michael Brown,Project Manager,"Python, Django, Flask",14,Stockholm,Highly skilled in designing and implementing scalable software solutions.
Olivia Garcia,Data Scientist,"HTML, CSS, JavaScript",4,Paris,Well-versed in conducting user research to improve product usability.
Olivia Garcia,Marketing Specialist,"Swift, Kotlin, Flutter",18,London,Passionate about creating intuitive user interfaces and experiences.
Anna Johnson,Project Manager,"Agile, Scrum, Team Management",14,Sydney,Highly skilled in designing and implementing scalable software solutions.
James Smith,Project Manager,"Java, Spring Boot, React",13,Dubai,Capable of troubleshooting and optimizing system performance.
Emily Davis,Mobile App Developer,"AWS, Kubernetes, Terraform",12,Dubai,Passionate about creating intuitive user interfaces and experiences.
Michael Brown,DevOps Engineer,"Python, Django, Flask",14,New York,Focused on crafting high-performance mobile applications.
Ava Hernandez,Project Manager,"AWS, Kubernetes, Terraform",4,Tokyo,Passionate about creating intuitive user interfaces and experiences.
Emily Davis,Data Scientist,"Linux, Networking, Docker",16,Dubai,Well-versed in conducting user research to improve product usability.
Kristoffer Pettersson,Software Developer,"Linux, Networking, Docker",18,Paris,Proficient in creating engaging digital content for marketing campaigns.
Liam Wilson,Project Manager,"Agile, Scrum, Team Management",16,New York,Experienced in predictive analytics and data-driven decision-making.
Emily Davis,Frontend Developer,"Photoshop, Illustrator, Video Editing",12,Stockholm,Expert in managing large-scale projects with a focus on timely delivery.
Liam Wilson,Project Manager,"Swift, Kotlin, Flutter",16,Tokyo,Passionate about creating intuitive user interfaces and experiences.
Sophia Miller,Frontend Developer,"Agile, Scrum, Team Management",2,Stockholm,Expert in managing large-scale projects with a focus on timely delivery.
Olivia Garcia,System Admin,"Python, Django, Flask",15,New York,Highly skilled in designing and implementing scalable software solutions.
Kristoffer Pettersson,Mobile App Developer,"AWS, Kubernetes, Terraform",3,London,Focused on crafting high-performance mobile applications.
Sophia Miller,Marketing Specialist,"Python, Django, Flask",15,Dubai,Expert in managing large-scale projects with a focus on timely delivery.
Emily Davis,System Admin,"Figma, Adobe XD, User Research",7,Berlin,Expert in managing large-scale projects with a focus on timely delivery.
Kristoffer Pettersson,Frontend Developer,"Python, Django, Flask",18,Tokyo,Focused on crafting high-performance mobile applications.
Anna Johnson,Mobile App Developer,"Agile, Scrum, Team Management",7,San Francisco,Highly skilled in designing and implementing scalable software solutions.
Sophia Miller,DevOps Engineer,"Python, Django, Flask",11,Toronto,Capable of troubleshooting and optimizing system performance.
Noah Martinez,DevOps Engineer,"Photoshop, Illustrator, Video Editing",9,Toronto,Highly skilled in designing and implementing scalable software solutions.
Noah Martinez,System Admin,"Java, Spring Boot, React",15,Stockholm,Expert in managing large-scale projects with a focus on timely delivery.
Sophia Miller,Project Manager,"Agile, Scrum, Team Management",10,Tokyo,Well-versed in conducting user research to improve product usability.
Liam Wilson,UX Designer,"Python, Django, Flask",9,Dubai,Strong background in infrastructure automation and network security.
Ava Hernandez,Software Developer,"AWS, Kubernetes, Terraform",2,New York,Experienced in predictive analytics and data-driven decision-making.
Sophia Miller,Backend Developer,"Python, Django, Flask",9,San Francisco,Capable of troubleshooting and optimizing system performance.
Sophia Miller,Marketing Specialist,"AWS, Kubernetes, Terraform",20,San Francisco,Passionate about creating intuitive user interfaces and experiences.
Ava Hernandez,Marketing Specialist,"Swift, Kotlin, Flutter",8,San Francisco,Skilled in modern CI/CD pipelines and cloud-native development.
Liam Wilson,UX Designer,"AWS, Kubernetes, Terraform",11,Toronto,Focused on crafting high-performance mobile applications.
Michael Brown,Mobile App Developer,"Swift, Kotlin, Flutter",14,Berlin,Focused on crafting high-performance mobile applications.
Ava Hernandez,Project Manager,"Swift, Kotlin, Flutter",18,London,Capable of troubleshooting and optimizing system performance.
Sophia Miller,Software Developer,"Python, Django, Flask",13,Berlin,Capable of troubleshooting and optimizing system performance.
Liam Wilson,UX Designer,"Figma, Adobe XD, User Research",11,Tokyo,Skilled in modern CI/CD pipelines and cloud-native development.
Noah Martinez,Mobile App Developer,"SQL, Data Analysis, Machine Learning",10,London,Strong background in infrastructure automation and network security.
Liam Wilson,Backend Developer,"Python, Django, Flask",18,London,Skilled in modern CI/CD pipelines and cloud-native development.
Ava Hernandez,Marketing Specialist,"Agile, Scrum, Team Management",7,San Francisco,Passionate about creating intuitive user interfaces and experiences.
Sophia Miller,System Admin,"Linux, Networking, Docker",10,New York,Experienced in predictive analytics and data-driven decision-making.
Emily Davis,UX Designer,"Photoshop, Illustrator, Video Editing",10,Paris,Expert in managing large-scale projects with a focus on timely delivery.
Anna Johnson,System Admin,"Figma, Adobe XD, User Research",12,Toronto,Focused on crafting high-performance mobile applications.
Kristoffer Pettersson,Backend Developer,"Swift, Kotlin, Flutter",6,New York,Skilled in modern CI/CD pipelines and cloud-native development.
Ava Hernandez,Frontend Developer,"Agile, Scrum, Team Management",7,London,Strong background in infrastructure automation and network security.
Sophia Miller,Frontend Developer,"Agile, Scrum, Team Management",16,Sydney,Capable of troubleshooting and optimizing system performance.
Kristoffer Pettersson,Backend Developer,"SQL, Data Analysis, Machine Learning",19,Berlin,Passionate about creating intuitive user interfaces and experiences.
James Smith,Backend Developer,"Swift, Kotlin, Flutter",12,San Francisco,Experienced in predictive analytics and data-driven decision-making.
Olivia Garcia,UX Designer,"Agile, Scrum, Team Management",14,Sydney,Highly skilled in designing and implementing scalable software solutions.
Michael Brown,Backend Developer,"Linux, Networking, Docker",16,London,Proficient in creating engaging digital content for marketing campaigns.
Kristoffer Pettersson,Frontend Developer,"HTML, CSS, JavaScript",3,Sydney,Well-versed in conducting user research to improve product usability.
Michael Brown,Software Developer,"Swift, Kotlin, Flutter",7,San Francisco,Expert in managing large-scale projects with a focus on timely delivery.
James Smith,Software Developer,"Swift, Kotlin, Flutter",15,Paris,Skilled in modern CI/CD pipelines and cloud-native development.
Olivia Garcia,DevOps Engineer,"Agile, Scrum, Team Management",18,San Francisco,Highly skilled in designing and implementing scalable software solutions.
Anna Johnson,Mobile App Developer,"Swift, Kotlin, Flutter",6,Dubai,Focused on crafting high-performance mobile applications.
Kristoffer Pettersson,Mobile App Developer,"Agile, Scrum, Team Management",4,Stockholm,Highly skilled in designing and implementing scalable software solutions.
Michael Brown,Data Scientist,"Python, Django, Flask",15,San Francisco,Capable of troubleshooting and optimizing system performance.
Ava Hernandez,Marketing Specialist,"Swift, Kotlin, Flutter",1,Stockholm,Passionate about creating intuitive user interfaces and experiences.
Liam Wilson,Frontend Developer,"Linux, Networking, Docker",3,San Francisco,Passionate about creating intuitive user interfaces and experiences.
James Smith,Project Manager,"HTML, CSS, JavaScript",6,Toronto,Skilled in modern CI/CD pipelines and cloud-native development.
Olivia Garcia,Mobile App Developer,"Figma, Adobe XD, User Research",9,Dubai,Focused on crafting high-performance mobile applications.
Kristoffer Pettersson,System Admin,"Java, Spring Boot, React",7,London,Proficient in creating engaging digital content for marketing campaigns.
Noah Martinez,DevOps Engineer,"Python, Django, Flask",10,New York,Capable of troubleshooting and optimizing system performance.
Ava Hernandez,Data Scientist,"Linux, Networking, Docker",1,Berlin,Capable of troubleshooting and optimizing system performance.
Anna Johnson,Frontend Developer,"Swift, Kotlin, Flutter",3,London,Passionate about creating intuitive user interfaces and experiences.
James Smith,Backend Developer,"Java, Spring Boot, React",10,Tokyo,Proficient in creating engaging digital content for marketing campaigns.
Sophia Miller,UX Designer,"Photoshop, Illustrator, Video Editing",15,Stockholm,Experienced in predictive analytics and data-driven decision-making.
Liam Wilson,UX Designer,"AWS, Kubernetes, Terraform",16,New York,Strong background in infrastructure automation and network security.
Sophia Miller,Data Scientist,"Swift, Kotlin, Flutter",15,Berlin,Experienced in predictive analytics and data-driven decision-making.
Kristoffer Pettersson,System Admin,"SQL, Data Analysis, Machine Learning",17,Sydney,Proficient in creating engaging digital content for marketing campaigns.
Olivia Garcia,Backend Developer,"Java, Spring Boot, React",13,Toronto,Passionate about creating intuitive user interfaces and experiences.
Emily Davis,Software Developer,"Java, Spring Boot, React",19,Sydney,Strong background in infrastructure automation and network security.
Noah Martinez,System Admin,"Figma, Adobe XD, User Research",6,Dubai,Proficient in creating engaging digital content for marketing campaigns.
Sophia Miller,Data Scientist,"Python, Django, Flask",16,London,Focused on crafting high-performance mobile applications.
Sophia Miller,System Admin,"AWS, Kubernetes, Terraform",17,Stockholm,Well-versed in conducting user research to improve product usability.
Liam Wilson,Data Scientist,"Photoshop, Illustrator, Video Editing",5,Stockholm,Well-versed in conducting user research to improve product usability.
Michael Brown,Software Developer,"Python, Django, Flask",20,London,Focused on crafting high-performance mobile applications.
Noah Martinez,Frontend Developer,"HTML, CSS, JavaScript",18,Berlin,Capable of troubleshooting and optimizing system performance.
Olivia Garcia,System Admin,"Python, Django, Flask",2,Stockholm,Well-versed in conducting user research to improve product usability.
Emily Davis,Backend Developer,"Figma, Adobe XD, User Research",6,Toronto,Proficient in creating engaging digital content for marketing campaigns.
Ava Hernandez,UX Designer,"Agile, Scrum, Team Management",17,Dubai,Skilled in modern CI/CD pipelines and cloud-native development.
James Smith,Software Developer,"Java, Spring Boot, React",10,New York,Passionate about creating intuitive user interfaces and experiences.
Emily Davis,DevOps Engineer,"Swift, Kotlin, Flutter",11,Berlin,Well-versed in conducting user research to improve product usability.
Kristoffer Pettersson,System Admin,"Java, Spring Boot, React",7,Berlin,Skilled in modern CI/CD pipelines and cloud-native development.
Liam Wilson,Marketing Specialist,"Photoshop, Illustrator, Video Editing",5,Stockholm,Skilled in modern CI/CD pipelines and cloud-native development.
Anna Johnson,Project Manager,"Photoshop, Illustrator, Video Editing",11,Paris,Strong background in infrastructure automation and network security.
Olivia Garcia,Marketing Specialist,"Figma, Adobe XD, User Research",8,Stockholm,Strong background in infrastructure automation and network security.
Liam Wilson,Frontend Developer,"Python, Django, Flask",6,New York,Focused on crafting high-performance mobile applications.
Kristoffer Pettersson,System Admin,"Agile, Scrum, Team Management",6,Stockholm,Experienced in predictive analytics and data-driven decision-making.
Kristoffer Pettersson,Mobile App Developer,"Java, Spring Boot, React",16,Tokyo,Capable of troubleshooting and optimizing system performance.
Liam Wilson,Project Manager,"Swift, Kotlin, Flutter",10,Berlin,Strong background in infrastructure automation and network security.
Noah Martinez,UX Designer,"Photoshop, Illustrator, Video Editing",16,Toronto,Proficient in creating engaging digital content for marketing campaigns.
Liam Wilson,Frontend Developer,"Photoshop, Illustrator, Video Editing",19,Toronto,Capable of troubleshooting and optimizing system performance.
Emily Davis,Project Manager,"Agile, Scrum, Team Management",5,Tokyo,Strong background in infrastructure automation and network security.
Noah Martinez,Software Developer,"Java, Spring Boot, React",6,London,Experienced in predictive analytics and data-driven decision-making.
